{
  "name": "SUK Protocol - Cloudflare Pages Configuration",
  "description": "Configuration file for Cloudflare Pages deployment",
  "build": {
    "command": "echo 'Static site - no build required'",
    "output": ".",
    "environment": {
      "NODE_VERSION": "18"
    }
  },
  "routes": {
    "include": ["/*"],
    "exclude": []
  },
  "headers": [
    {
      "source": "/**/*",
      "headers": [
        {
          "key": "X-Content-Type-Options",
          "value": "nosniff"
        },
        {
          "key": "X-Frame-Options",
          "value": "DENY"
        },
        {
          "key": "X-XSS-Protection",
          "value": "1; mode=block"
        },
        {
          "key": "Referrer-Policy",
          "value": "strict-origin-when-cross-origin"
        },
        {
          "key": "Permissions-Policy",
          "value": "accelerometer=(), camera=(), geolocation=(), gyroscope=(), magnetometer=(), microphone=(), payment=(), usb=()"
        }
      ]
    },
    {
      "source": "/js/**/*.js",
      "headers": [
        {
          "key": "Cache-Control",
          "value": "public, max-age=31536000, immutable"
        }
      ]
    },
    {
      "source": "/css/**/*.css",
      "headers": [
        {
          "key": "Cache-Control",
          "value": "public, max-age=31536000, immutable"
        }
      ]
    }
  ],
  "redirects": [
    {
      "source": "/home",
      "destination": "/",
      "permanent": true
    },
    {
      "source": "/frontend/:path*",
      "destination": "/:path*",
      "permanent": false
    }
  ]
}
