{
  "firestore": {
    "rules": "firestore.rules",
    "indexes": "firestore.indexes.json"
  },
  "storage": {
    "rules": "storage.rules"
  },
  "hosting": {
    "public": ".",
    "ignore": [
      "firebase.json",
      "**/.*",
      "**/node_modules/**",
      "functions/**",
      "*.md",
      "backend/**",
      "deployment/**",
      "scripts/**",
      "monitoring/**",
      "contracts/**",
      ".env*",
      "Dockerfile",
      "docker-compose.yml",
      "nginx.conf",
      "ecosystem.config.js",
      "jest.config.js",
      "package.json",
      "package-lock.json",
      "server.js"
    ],
    "rewrites": [],
    "redirects": [
      {
        "source": "/api/**",
        "destination": "https://api.suk.link/api/:splat",
        "type": 301
      },
      {
        "source": "/monitor",
        "destination": "https://monitor.suk.link:3001",
        "type": 302
      }
    ],
    "headers": [
      {
        "source": "**/*.@(jpg|jpeg|gif|png|svg|webp|ico)",
        "headers": [
          {
            "key": "Cache-Control",
            "value": "public, max-age=31536000, immutable"
          }
        ]
      },
      {
        "source": "**/*.@(css|js)",
        "headers": [
          {
            "key": "Cache-Control",
            "value": "public, max-age=86400"
          }
        ]
      },
      {
        "source": "**/*.@(html)",
        "headers": [
          {
            "key": "Cache-Control",
            "value": "public, max-age=3600, must-revalidate"
          }
        ]
      },
      {
        "source": "**",
        "headers": [
          {
            "key": "X-Content-Type-Options",
            "value": "nosniff"
          },
          {
            "key": "X-Frame-Options",
            "value": "SAMEORIGIN"
          },
          {
            "key": "X-XSS-Protection",
            "value": "1; mode=block"
          },
          {
            "key": "Referrer-Policy",
            "value": "strict-origin-when-cross-origin"
          },
          {
            "key": "Permissions-Policy",
            "value": "geolocation=(), microphone=(), camera=()"
          }
        ]
      }
    ],
    "cleanUrls": true,
    "trailingSlash": false
  },
  "functions": [
    {
      "source": "functions",
      "codebase": "default",
      "ignore": [
        "node_modules",
        ".git",
        "firebase-debug.log",
        "firebase-debug.*.log"
      ],
      "predeploy": [
        "npm --prefix \"$RESOURCE_DIR\" run lint"
      ]
    }
  ],
  "emulators": {
    "auth": {
      "port": 9099
    },
    "functions": {
      "port": 5001
    },
    "firestore": {
      "port": 8080
    },
    "storage": {
      "port": 9199
    },
    "ui": {
      "enabled": true,
      "port": 4000
    },
    "singleProjectMode": true
  }
}
